<?xml version="1.0" encoding="utf-8"?>
<doctrine-mapping xmlns="http://doctrine-project.org/schemas/orm/doctrine-mapping" xmlns:xsi="http://www.w3.org/2001/XMLSchema-instance" xsi:schemaLocation="http://doctrine-project.org/schemas/orm/doctrine-mapping http://doctrine-project.org/schemas/orm/doctrine-mapping.xsd">
  <entity name="DataBundle\Entity\Comments" table="comments">
    <indexes>
      <index name="fk_location_comment_idx" columns="Location"/>
    </indexes>
    <id name="id" type="integer" column="Id">
      <generator strategy="IDENTITY"/>
    </id>
    <field name="comment" type="text" column="Comment" length="65535" nullable="true">
      <options>
        <option name="fixed"/>
      </options>
    </field>
    <many-to-one field="location" target-entity="Locations" fetch="LAZY">
      <join-columns>
        <join-column name="Location" referenced-column-name="id"/>
      </join-columns>
    </many-to-one>
  </entity>
</doctrine-mapping>
