<?xml version="1.0" encoding="utf-8"?>
<doctrine-mapping xmlns="http://doctrine-project.org/schemas/orm/doctrine-mapping" xmlns:xsi="http://www.w3.org/2001/XMLSchema-instance" xsi:schemaLocation="http://doctrine-project.org/schemas/orm/doctrine-mapping http://doctrine-project.org/schemas/orm/doctrine-mapping.xsd">
  <entity name="DataBundle\Entity\Dp" table="dp">
    <indexes>
      <index name="doctor_dp_fk_idx" columns="Doctor"/>
      <index name="patient_dp_fk_idx" columns="Patient"/>
    </indexes>
    <id name="id" type="integer" column="Id">
      <generator strategy="IDENTITY"/>
    </id>
    <field name="block" type="integer" column="Block" nullable="true">
      <options>
        <option name="unsigned"/>
      </options>
    </field>
    <field name="review" type="text" column="Review" length="65535" nullable="true">
      <options>
        <option name="fixed"/>
      </options>
    </field>
    <many-to-one field="patient" target-entity="Patient" fetch="LAZY">
      <join-columns>
        <join-column name="Patient" referenced-column-name="id"/>
      </join-columns>
    </many-to-one>
    <many-to-one field="doctor" target-entity="Doctors" fetch="LAZY">
      <join-columns>
        <join-column name="Doctor" referenced-column-name="id"/>
      </join-columns>
    </many-to-one>
  </entity>
</doctrine-mapping>
