<?xml version="1.0" encoding="utf-8"?>
<doctrine-mapping xmlns="http://doctrine-project.org/schemas/orm/doctrine-mapping" xmlns:xsi="http://www.w3.org/2001/XMLSchema-instance" xsi:schemaLocation="http://doctrine-project.org/schemas/orm/doctrine-mapping http://doctrine-project.org/schemas/orm/doctrine-mapping.xsd">
  <entity name="DataBundle\Entity\Hopitaux" table="hopitaux">
    <id name="id" type="integer" column="id">
      <generator strategy="IDENTITY"/>
    </id>
    <field name="name" type="string" column="name" length="255" nullable="false">
      <options>
        <option name="fixed"/>
      </options>
    </field>
    <many-to-many field="doctor" target-entity="Doctors" inversed-by="hopital" fetch="LAZY">
      <join-table name="affiliationshospitalieres">
        <join-columns>
          <join-column name="hopital_id" referenced-column-name="id"/>
        </join-columns>
        <inverse-join-columns>
          <join-column name="doctor_id" referenced-column-name="id"/>
        </inverse-join-columns>
      </join-table>
    </many-to-many>
  </entity>
</doctrine-mapping>
