<?xml version="1.0" encoding="utf-8"?>
<doctrine-mapping xmlns="http://doctrine-project.org/schemas/orm/doctrine-mapping" xmlns:xsi="http://www.w3.org/2001/XMLSchema-instance" xsi:schemaLocation="http://doctrine-project.org/schemas/orm/doctrine-mapping http://doctrine-project.org/schemas/orm/doctrine-mapping.xsd">
  <entity name="DataBundle\Entity\Media" table="media">
    <indexes>
      <index name="IDX_6A2CA10C87F4FB17" columns="doctor_id"/>
    </indexes>
    <id name="id" type="integer" column="id">
      <generator strategy="IDENTITY"/>
    </id>
    <field name="type" type="string" column="type" length="255" nullable="false">
      <options>
        <option name="fixed"/>
      </options>
    </field>
    <field name="updatedAt" type="datetime" column="updated_at" nullable="false"/>
    <field name="image" type="string" column="image" length="255" nullable="false">
      <options>
        <option name="fixed"/>
      </options>
    </field>
    <field name="path" type="string" column="path" length="255" nullable="false">
      <options>
        <option name="fixed"/>
      </options>
    </field>
    <many-to-one field="doctor" target-entity="FosUser" fetch="LAZY">
      <join-columns>
        <join-column name="doctor_id" referenced-column-name="id"/>
      </join-columns>
    </many-to-one>
  </entity>
</doctrine-mapping>
