<?xml version="1.0" encoding="utf-8"?>
<doctrine-mapping xmlns="http://doctrine-project.org/schemas/orm/doctrine-mapping" xmlns:xsi="http://www.w3.org/2001/XMLSchema-instance" xsi:schemaLocation="http://doctrine-project.org/schemas/orm/doctrine-mapping http://doctrine-project.org/schemas/orm/doctrine-mapping.xsd">
  <entity name="DataBundle\Entity\Settings" table="settings">
    <unique-constraints>
      <unique-constraint name="UNIQ_E545A0C587F4FB17" columns="doctor_id"/>
    </unique-constraints>
    <id name="id" type="integer" column="id">
      <generator strategy="IDENTITY"/>
    </id>
    <field name="durreappointment" type="time" column="durreAppointment" nullable="false"/>
    <many-to-one field="doctor" target-entity="Doctors" fetch="LAZY">
      <join-columns>
        <join-column name="doctor_id" referenced-column-name="id"/>
      </join-columns>
    </many-to-one>
  </entity>
</doctrine-mapping>
